Race,P1,P2,P3,P4,P5,P6,P7,P8,P9,P10,P11,P12,P13,P14,P15,P16,P17,P18,P19,P20,P21,P22
Australian GP | Formula 1 Qatar Airways Australian Grand Prix,George Russell,Kimi Antonelli,Charles Leclerc,Lewis Hamilton,Lando Norris,Max Verstappen,Oliver Bearman,Arvid Lindblad,Gabriel Bortoleto,Pierre Gasly,Esteban Ocon,Alexander Albon,Liam Lawson,Franco Colapinto,Carlos Sainz Jr.,Sergio Pérez,Lance Stroll,Fernando Alonso,Valtteri Bottas,Isack Hadjar,Oscar Piastri,Nico Hülkenberg
Chinese GP | Formula 1 Heineken Chinese Grand Prix,,,,,,,,,,,,,,,,,,,,,,
Japanese GP | Formula 1 Aramco Japanese Grand Prix,,,,,,,,,,,,,,,,,,,,,,
Bahrain GP | Formula 1 Gulf Air Bahrain Grand Prix,,,,,,,,,,,,,,,,,,,,,,
Saudi Arabian GP | Formula 1 STC Saudi Arabian Grand Prix,,,,,,,,,,,,,,,,,,,,,,
Miami GP | Formula 1 Crypto.com Miami Grand Prix,,,,,,,,,,,,,,,,,,,,,,
Canadian GP | Formula 1 Lenovo Grand Prix du Canada,,,,,,,,,,,,,,,,,,,,,,
Monaco GP | Formula 1 Louis Vuitton Grand Prix de Monaco,,,,,,,,,,,,,,,,,,,,,,
Barcelona GP | Formula 1 MSC Cruises Gran Premio de Barcelona-Catalunya,,,,,,,,,,,,,,,,,,,,,,
Austrian GP | Formula 1 Lenovo Austrian Grand Prix,,,,,,,,,,,,,,,,,,,,,,
British GP | Formula 1 Pirelli British Grand Prix,,,,,,,,,,,,,,,,,,,,,,
Belgian GP | Formula 1 Rolex Belgian Grand Prix,,,,,,,,,,,,,,,,,,,,,,
Hungarian GP | Formula 1 AWS Hungarian Grand Prix,,,,,,,,,,,,,,,,,,,,,,
Dutch GP | Formula 1 Heineken Dutch Grand Prix,,,,,,,,,,,,,,,,,,,,,,
Italian GP | Formula 1 Pirelli Gran Premio d’Italia,,,,,,,,,,,,,,,,,,,,,,
Spanish GP | Formula 1 TAG Heuer Spanish Grand Prix (Madrid),,,,,,,,,,,,,,,,,,,,,,
Azerbaijan GP | Formula 1 Qatar Airways Azerbaijan Grand Prix,,,,,,,,,,,,,,,,,,,,,,
Singapore GP | Formula 1 Singapore Airlines Singapore Grand Prix,,,,,,,,,,,,,,,,,,,,,,
United States GP | Formula 1 MSC Cruises United States Grand Prix,,,,,,,,,,,,,,,,,,,,,,
Mexico City GP | Formula 1 Gran Premio de la Ciudad de México,,,,,,,,,,,,,,,,,,,,,,
São Paulo GP | Formula 1 MSC Cruises Grande Prêmio de São Paulo,,,,,,,,,,,,,,,,,,,,,,
Las Vegas GP | Formula 1 Heineken Las Vegas Grand Prix,,,,,,,,,,,,,,,,,,,,,,
Qatar GP | Formula 1 Qatar Airways Qatar Grand Prix,,,,,,,,,,,,,,,,,,,,,,
Abu Dhabi GP | Formula 1 Etihad Airways Abu Dhabi Grand Prix,,,,,,,,,,,,,,,,,,,,,,
